distributorCode,beatCode,retailerCode,sequenceNumber
120410,N2P21601,HD102990,1
120410,N2P21601,HD102991,2
120410,N2P21601,HD102993,3
120410,N2P21601,HD102998,4
120410,N2P21601,HD102999,5
120410,N2P21601,HD103000,6
120410,N2P21601,HD103003,7
120410,N2P21601,HD103004,8
120410,N2P21601,HD103007,9
120410,N2P21601,HD103008,10
120410,N2P21601,HD103009,11
120410,N2P21601,HD103010,12
120410,N2P21601,HD103011,13
120410,N2P21601,HD103012,14
120410,N2P21601,HD103013,15
120410,N2P21601,HD103015,16
120410,N2P21601,HD103016,17
120410,N2P21601,HD103017,18
120410,N2P21601,HD103018,19
120410,N2P21601,HD103019,20
120410,N2P21601,HD103021,21
120410,N2P21601,HD103022,22
120410,N2P21601,HD103024,23
120410,N2P21601,HD103025,24
120410,N2P21601,HD103026,25
120410,N2P21601,HD103027,26
120410,N2P21601,HD103028,27
120410,N2P21601,HD103029,28
120410,N2P21601,HD103031,29
120410,N2P21601,HD103032,30
120410,N2P21601,HD103112,31
120410,N2P21601,HD103132,32
120410,N2P21601,HD103161,33
120410,N2P21601,HD103164,34
120410,N2P21601,HD101214,35
120410,N2P21601,HD101225,36
120410,N2P21601,HD102226,37
120410,N2P21601,HD102228,38
120410,N2P21601,HD102230,39
120410,N2P21601,HD102232,40
120410,N2P21601,HD103114,41
120410,N2P21601,HD103142,42
120410,N2P21601,HD101379,43
120410,N2P21601,HD102373,44
120410,N2P21601,HD102375,45
120410,N2P21601,HD102837,46
120410,N2P21601,HD103184,47
120410,N2P21601,HD103185,48
120410,N2P21601,HD102420,49
120410,N2P21602,HD101235,1
120410,N2P21602,HD101239,2
120410,N2P21602,HD101237,3
120410,N2P21602,HD101245,4
120410,N2P21602,HD101289,5
120410,N2P21602,HD101290,6
120410,N2P21602,HD101292,7
120410,N2P21602,HD101293,8
120410,N2P21602,HD101294,9
120410,N2P21602,HD101296,10
120410,N2P21602,HD101299,11
120410,N2P21602,HD101301,12
120410,N2P21602,HD101383,13
120410,N2P21602,HD101653,14
120410,N2P21602,HD101654,15
120410,N2P21602,HD101655,16
120410,N2P21602,HD101657,17
120410,N2P21602,HD101659,18
120410,N2P21602,HD101660,19
120410,N2P21602,HD101661,20
120410,N2P21602,HD101662,21
120410,N2P21602,HD101663,22
120410,N2P21602,HD102050,23
120410,N2P21602,HD102052,24
120410,N2P21602,HD102053,25
120410,N2P21602,HD102054,26
120410,N2P21602,HD102056,27
120410,N2P21602,HD102058,28
120410,N2P21602,HD102059,29
120410,N2P21602,HD102060,30
120410,N2P21602,HD102061,31
120410,N2P21602,HD102326,32
120410,N2P21602,HD102328,33
120410,N2P21602,HD102330,34
120410,N2P21602,HD102332,35
120410,N2P21602,HD102350,36
120410,N2P21602,HD102424,37
120410,N2P21602,HD102470,38
120410,N2P21603,HD102992,1
120410,N2P21603,HD101295,2
120410,N2P21603,HD101366,3
120410,N2P21603,HD101220,4
120410,N2P21603,HD101222,5
120410,N2P21603,HD101297,6
120410,N2P21603,HD102067,7
120410,N2P21603,HD101625,8
120410,N2P21603,HD101934,9
120410,N2P21603,HD101982,10
120410,N2P21603,HD102776,11
120410,N2P21603,HD102778,12
120410,N2P21603,HD101343,13
120410,N2P21603,HD102727,14
120410,N2P21604,HD101313,1
120410,N2P21604,HD101664,2
120410,N2P21604,HD101665,3
120410,N2P21604,HD101666,4
120410,N2P21604,HD101667,5
120410,N2P21604,HD101668,6
120410,N2P21604,HD101669,7
120410,N2P21604,HD101670,8
120410,N2P21604,HD101671,9
120410,N2P21604,HD101672,10
120410,N2P21604,HD101673,11
120410,N2P21604,HD101674,12
120410,N2P21604,HD101888,13
120410,N2P21604,HD101910,14
120410,N2P21604,HD101949,15
120410,N2P21604,HD101950,16
120410,N2P21604,HD102062,17
120410,N2P21604,HD102064,18
120410,N2P21604,HD102065,19
120410,N2P21604,HD102066,20
120410,N2P21604,HD102068,21
120410,N2P21604,HD102069,22
120410,N2P21604,HD102071,23
120410,N2P21604,HD102073,24
120410,N2P21604,HD102075,25
120410,N2P21604,HD102077,26
120410,N2P21604,HD102119,27
120410,N2P21604,HD102339,28
120410,N2P21604,HD102490,29
120410,N2P21604,HD102949,30
120410,N2P21604,HD103135,31
120410,N2P21604,HD103136,32
120410,N2P21604,HD102308,33
120410,N2P21604,HD102310,34
120410,N2P21604,HD102312,35
120410,N2P21604,HD102314,36
120410,N2P21604,HD102322,37
120410,N2P21604,HD102677,38
120410,N2P21604,HD102679,39
120410,N2P21604,HD102681,40
120410,N2P21604,HD102685,41
120410,N2P21604,HD102687,42
120410,N2P21605,HD101190,1
120410,N2P21605,HD101197,2
120410,N2P21605,HD101200,3
120410,N2P21605,HD101207,4
120410,N2P21605,HD101208,5
120410,N2P21605,HD102079,6
120410,N2P21605,HD102081,7
120410,N2P21605,HD102082,8
120410,N2P21605,HD102087,9
120410,N2P21605,HD102089,10
120410,N2P21605,HD102091,11
120410,N2P21605,HD102093,12
120410,N2P21605,HD102453,13
120410,N2P21605,HD102469,14
120410,N2P21605,HD102624,15
120410,N2P21605,HD102984,16
120410,N2P21605,HD103183,17
120410,N2P21605,HD103173,18
120410,N2P21605,HD101302,19
120410,N2P21605,HD101303,20
120410,N2P21605,HD101305,21
120410,N2P21605,HD101306,22
120410,N2P21605,HD101307,23
120410,N2P21605,HD101310,24
120410,N2P21605,HD101311,25
120410,N2P21605,HD101312,26
120410,N2P21605,HD101317,27
120410,N2P21605,HD101318,28
120410,N2P21605,HD101319,29
120410,N2P21605,HD101320,30
120410,N2P21605,HD101321,31
120410,N2P21605,HD101322,32
120410,N2P21605,HD101325,33
120410,N2P21605,HD101326,34
120410,N2P21605,HD101327,35
120410,N2P21605,HD101328,36
120410,N2P21605,HD101329,37
120410,N2P21605,HD101330,38
120410,N2P21605,HD101331,39
120410,N2P21605,HD102413,40
120410,N2P21605,HD102414,41
120410,N2P21605,HD102625,42
120410,N2P21605,HD103121,43
120410,N2P21606,HD103143,1
120410,N2P21606,HD101216,2
120410,N2P21606,HD101981,3
120410,N2P21606,HD102277,4
120410,N2P21606,HD102300,5
120410,N2P21606,HD102302,6
120410,N2P21606,HD102411,7
120410,N2P21606,HD102412,8
120410,N2P21606,HD102432,9
120410,N2P21606,HD102435,10
120410,N2P21606,HD102622,11
120410,N2P21606,HD102623,12
120410,N2P21606,HD102758,13
120410,N2P21606,HD102948,14
120410,N2P21606,HD103115,15
120410,N2P21606,HD103137,16
120410,N2P21606,HD102772,17
120410,N2P21606,HD102774,18
120410,N2P21606,HD102770,19
120410,N2P21606,HD102796,20
120410,N2P21606,HD102746,21
120410,N2P21606,HD102748,22
120410,N2P21606,HD102750,23
120410,N2P21606,HD102752,24
120410,N2P21606,HD102754,25
120410,N2P21606,HD102756,26
120410,N2P21606,HD102760,27
120410,N2P21606,HD102762,28
120410,N2P21606,HD102764,29
120410,N2P21606,HD102766,30
120410,N2P21606,HD102768,31
120410,N2P21606,HD102780,32
120410,N2P21606,HD102782,33
120410,N2P21606,HD102784,34
120410,N2P21606,HD102786,35
120410,N2P21606,HD102788,36
120410,N2P21606,HD102790,37
120410,N2P21606,HD102792,38
120410,N2P21606,HD102794,39
120410,N2P21606,HD102798,40
120410,N2P21606,HD102800,41
120410,N2P21606,HD102802,42
120410,N2P21606,HD102804,43
120410,N2P21606,HD101285,44
120410,N2P21606,HD101286,45
120410,N2P21606,HD101287,46
120410,N2P21606,HD101288,47
120410,N2P21606,HD101407,48
120410,N2P21607,HD101238,1
120410,N2P21607,HD101249,2
120410,N2P21607,HD101912,3
120410,N2P21607,HD102115,4
120410,N2P21607,HD102234,5
120410,N2P21607,HD102282,6
120410,N2P21607,HD102306,7
120410,N2P21607,HD102318,8
120410,N2P21607,HD102320,9
120410,N2P21607,HD102324,10
120410,N2P21607,HD102430,11
120410,N2P21607,HD102431,12
120410,N2P21607,HD102440,13
120410,N2P21607,HD102505,14
120410,N2P21607,HD102520,15
120410,N2P21607,HD102610,16
120410,N2P21607,HD102627,17
120410,N2P21607,HD102683,18
120410,N2P21607,HD102689,19
120410,N2P21607,HD102691,20
120410,N2P21607,HD102693,21
120410,N2P21607,HD102767,22
120410,N2P21607,HD102922,23
120410,N2P21607,HD102924,24
120410,N2P21607,HD102925,25
120410,N2P21607,HD102926,26
120410,N2P21607,HD102928,27
120410,N2P21607,HD102929,28
120410,N2P21607,HD103036,29
120410,N2P21607,HD103087,30
120410,N2P21607,HD103088,31
120410,N2P21607,HD103094,32
120410,N2P21607,HD103095,33
120410,N2P21607,HD103096,34
120410,N2P21607,HD103117,35
120410,N2P21607,HD103186,36
120410,N2P21607,HD102376,37
120410,N2P21607,HD102316,38
120410,N2P21608,HD101362,1
120410,N2P21608,HD101403,2
120410,N2P21608,HD102492,3
120410,N2P21608,HD101954,4
120410,N2P21608,HD101281,5
120410,N2P21608,HD101298,6
120410,N2P21608,HD101324,7
120410,N2P21608,HD101332,8
120410,N2P21608,HD101333,9
120410,N2P21608,HD101334,10
120410,N2P21608,HD101335,11
120410,N2P21608,HD101336,12
120410,N2P21608,HD101337,13
120410,N2P21608,HD101338,14
120410,N2P21608,HD101339,15
120410,N2P21608,HD101340,16
120410,N2P21608,HD101341,17
120410,N2P21608,HD101342,18
120410,N2P21608,HD101344,19
120410,N2P21608,HD101345,20
120410,N2P21608,HD101346,21
120410,N2P21608,HD101352,22
120410,N2P21608,HD101354,23
120410,N2P21608,HD101390,24
120410,N2P21608,HD101395,25
120410,N2P21608,HD101400,26
120410,N2P21608,HD101402,27
120410,N2P21608,HD101409,28
120410,N2P21608,HD101490,29
120410,N2P21608,HD101499,30
120410,N2P21608,HD101500,31
120410,N2P21608,HD101501,32
120410,N2P21608,HD101504,33
120410,N2P21608,HD101571,34
120410,N2P21608,HD101572,35
120410,N2P21608,HD101612,36
120410,N2P21608,HD101833,37
120410,N2P21608,HD101902,38
120410,N2P21608,HD101955,39
120410,N2P21608,HD101957,40
120410,N2P21608,HD101958,41
120410,N2P21608,HD101965,42
120410,N2P21608,HD101967,43
120410,N2P21608,HD101968,44
120410,N2P21608,HD101969,45
120410,N2P21608,HD101970,46
120410,N2P21608,HD102363,47
120410,N2P21608,HD102419,48
120410,N2P21608,HD102630,49
120410,N2P21608,HD102735,50
120410,N2P21608,HD103105,51
120410,N2P21608,HD103106,52
120410,N2P21608,HD103125,53
120410,N2P21608,HD102486,54
120410,N2P21608,HD101386,55
120410,N2P21608,HD101547,56
120410,N2P21608,HD101548,57
120410,N2P21609,HD101550,1
120410,N2P21609,HD101555,2
120410,N2P21609,HD101618,3
120410,N2P21609,HD101704,4
120410,N2P21609,HD101705,5
120410,N2P21609,HD101706,6
120410,N2P21609,HD101707,7
120410,N2P21609,HD101763,8
120410,N2P21609,HD101764,9
120410,N2P21609,HD101990,10
120410,N2P21609,HD103033,11
120410,N2P21609,HD103037,12
120410,N2P21609,HD103039,13
120410,N2P21609,HD103041,14
120410,N2P21609,HD103043,15
120410,N2P21609,HD103046,16
120410,N2P21609,HD103048,17
120410,N2P21609,HD103050,18
120410,N2P21609,HD103052,19
120410,N2P21609,HD103057,20
120410,N2P21609,HD101552,21
120410,N2P21609,HD101553,22
120410,N2P21609,HD101554,23
120410,N2P21609,HD101556,24
120410,N2P21609,HD101557,25
120410,N2P21609,HD101565,26
120410,N2P21609,HD101977,27
120410,N2P21609,HD101979,28
120410,N2P21609,HD101980,29
120410,N2P21609,HD101983,30
120410,N2P21609,HD101991,31
120410,N2P21609,HD101992,32
120410,N2P21609,HD101993,33
120410,N2P21609,HD101994,34
120410,N2P21609,HD101995,35
120410,N2P21609,HD101996,36
120410,N2P21609,HD101997,37
120410,N2P21609,HD102000,38
120410,N2P21609,HD102001,39
120410,N2P21609,HD102002,40
120410,N2P21609,HD102003,41
120410,N2P21609,HD102004,42
120410,N2P21609,HD102005,43
120410,N2P21609,HD102009,44
120410,N2P21609,HD101503,45
120410,N2P21609,HD101733,46
120410,N2P21610,HD101734,1
120410,N2P21610,HD101735,2
120410,N2P21610,HD101736,3
120410,N2P21610,HD101738,4
120410,N2P21610,HD101739,5
120410,N2P21610,HD101740,6
120410,N2P21610,HD101741,7
120410,N2P21610,HD101742,8
120410,N2P21610,HD101743,9
120410,N2P21610,HD101746,10
120410,N2P21610,HD101747,11
120410,N2P21610,HD101748,12
120410,N2P21610,HD101749,13
120410,N2P21610,HD101750,14
120410,N2P21610,HD101751,15
120410,N2P21610,HD101920,16
120410,N2P21610,HD102578,17
120410,N2P21610,HD102580,18
120410,N2P21610,HD102581,19
120410,N2P21610,HD102582,20
120410,N2P21610,HD102583,21
120410,N2P21610,HD102584,22
120410,N2P21610,HD102586,23
120410,N2P21610,HD102587,24
120410,N2P21610,HD102588,25
120410,N2P21610,HD102589,26
120410,N2P21610,HD102590,27
120410,N2P21610,HD102592,28
120410,N2P21611,HD101917,1
120410,N2P21611,HD101921,2
120410,N2P21611,HD101923,3
120410,N2P21611,HD101925,4
120410,N2P21611,HD102547,5
120410,N2P21611,HD103069,6
120410,N2P21611,HD102565,7
120410,N2P21611,HD101193,8
120410,N2P21611,HD101247,9
120410,N2P21611,HD101458,10
120410,N2P21611,HD101459,11
120410,N2P21611,HD101461,12
120410,N2P21611,HD101463,13
120410,N2P21611,HD102151,14
120410,N2P21611,HD102421,15
120410,N2P21611,HD102628,16
120410,N2P21611,HD102629,17
120410,N2P21611,HD101892,18
120410,N2P21611,HD102344,19
120410,N2P21612,HD101198,1
120410,N2P21612,HD101209,2
120410,N2P21612,HD101610,3
120410,N2P21612,HD101613,4
120410,N2P21612,HD101614,5
120410,N2P21612,HD101615,6
120410,N2P21612,HD101616,7
120410,N2P21612,HD101617,8
120410,N2P21612,HD101619,9
120410,N2P21612,HD101620,10
120410,N2P21612,HD101621,11
120410,N2P21612,HD101622,12
120410,N2P21612,HD101623,13
120410,N2P21612,HD101624,14
120410,N2P21612,HD101626,15
120410,N2P21612,HD101627,16
120410,N2P21612,HD101628,17
120410,N2P21612,HD101629,18
120410,N2P21612,HD101631,19
120410,N2P21612,HD101633,20
120410,N2P21612,HD101904,21
120410,N2P21612,HD101908,22
120410,N2P21612,HD101913,23
120410,N2P21612,HD101721,24
120410,N2P21612,HD101722,25
120410,N2P21612,HD101723,26
120410,N2P21612,HD101724,27
120410,N2P21612,HD101725,28
120410,N2P21612,HD101726,29
120410,N2P21612,HD101727,30
120410,N2P21612,HD101728,31
120410,N2P21612,HD101729,32
120410,N2P21612,HD101730,33
120410,N2P21612,HD101731,34
120410,N2P21612,HD101732,35
120410,N2P21612,HD101956,36
120410,N2P21612,HD102410,37
120410,N2P21612,HD101906,38
120410,N2P21612,HD101915,39
120410,N2P21613,HD101375,1
120410,N2P21613,HD101502,2
120410,N2P21613,HD101638,3
120410,N2P21613,HD101639,4
120410,N2P21613,HD101640,5
120410,N2P21613,HD101641,6
120410,N2P21613,HD101642,7
120410,N2P21613,HD101643,8
120410,N2P21613,HD101645,9
120410,N2P21613,HD101646,10
120410,N2P21613,HD101647,11
120410,N2P21613,HD101648,12
120410,N2P21613,HD101649,13
120410,N2P21613,HD101650,14
120410,N2P21613,HD101651,15
120410,N2P21613,HD101652,16
120410,N2P21613,HD101367,17
120410,N2P21613,HD103118,18
120410,N2P21613,HD103122,19
120410,N2P21613,HD103174,20
120410,N2P21613,HD103175,21
120410,N2P21613,HD103176,22
120410,N2P21613,HD102714,23
120410,N2P21613,HD102716,24
120410,N2P21613,HD102718,25
120410,N2P21613,HD102720,26
120410,N2P21613,HD102722,27
120410,N2P21613,HD102724,28
120410,N2P21613,HD102726,29
120410,N2P21613,HD102728,30
120410,N2P21613,HD102730,31
120410,N2P21613,HD102732,32
120410,N2P21613,HD102736,33
120410,N2P21613,HD102738,34
120410,N2P21613,HD102740,35
120410,N2P21613,HD102742,36
120410,N2P21613,HD102744,37
120410,N2P21613,HD103035,38
120410,N2P21613,HD103171,39
120410,N2P21614,HD101634,1
120410,N2P21614,HD101635,2
120410,N2P21614,HD101636,3
120410,N2P21614,HD101637,4
120410,N2P21614,HD103078,5
120410,N2P21614,HD103080,6
120410,N2P21614,HD103084,7
120410,N2P21614,HD103086,8
120410,N2P21614,HD103127,9
120410,N2P21614,HD103181,10
120410,N2P21614,HD103182,11
120410,N2P21614,HD101196,12
120410,N2P21614,HD101204,13
120410,N2P21614,HD101408,14
120410,N2P21614,HD101434,15
120410,N2P21614,HD101436,16
120410,N2P21614,HD101487,17
120410,N2P21614,HD102351,18
120410,N2P21614,HD102686,19
120410,N2P21614,HD102688,20
120410,N2P21614,HD102690,21
120410,N2P21614,HD102692,22
120410,N2P21614,HD102694,23
120410,N2P21614,HD102696,24
120410,N2P21614,HD102698,25
120410,N2P21614,HD102700,26
120410,N2P21614,HD102702,27
120410,N2P21614,HD102704,28
120410,N2P21614,HD102706,29
120410,N2P21614,HD102708,30
120410,N2P21614,HD102710,31
120410,N2P21614,HD103076,32
120410,N2P21614,HD103081,33
120410,N2P21614,HD103116,34
120410,N2P21614,HD101677,35
120410,N2P21615,HD101353,1
120410,N2P21615,HD101437,2
120410,N2P21615,HD101444,3
120410,N2P21615,HD101453,4
120410,N2P21615,HD102911,5
120410,N2P21615,HD102913,6
120410,N2P21615,HD102915,7
120410,N2P21615,HD102917,8
120410,N2P21615,HD102919,9
120410,N2P21615,HD102921,10
120410,N2P21615,HD102950,11
120410,N2P21615,HD102951,12
120410,N2P21615,HD102952,13
120410,N2P21615,HD102953,14
120410,N2P21615,HD102973,15
120410,N2P21615,HD102974,16
120410,N2P21615,HD102976,17
120410,N2P21615,HD102978,18
120410,N2P21615,HD102979,19
120410,N2P21615,HD102980,20
120410,N2P21615,HD102981,21
120410,N2P21615,HD102982,22
120410,N2P21615,HD102983,23
120410,N2P21615,HD102985,24
120410,N2P21615,HD102986,25
120410,N2P21615,HD102987,26
120410,N2P21615,HD102008,27
120410,N2P21615,HD102464,28
120410,N2P21615,HD102465,29
120410,N2P21615,HD102466,30
120410,N2P21615,HD102467,31
120410,N2P21615,HD102468,32
120410,N2P21615,HD102471,33
120410,N2P21615,HD102472,34
120410,N2P21615,HD102474,35
120410,N2P21615,HD102475,36
120410,N2P21615,HD102476,37
120410,N2P21615,HD102477,38
120410,N2P21615,HD102478,39
120410,N2P21615,HD102479,40
120410,N2P21615,HD102480,41
120410,N2P21615,HD102481,42
120410,N2P21615,HD102483,43
120410,N2P21615,HD102485,44
120410,N2P21615,HD102487,45
120410,N2P21615,HD102488,46
120410,N2P21615,HD102489,47
120410,N2P21615,HD102401,48
120410,N2P21615,HD102529,49
120410,N2P21616,HD101890,1
120410,N2P21616,HD101891,2
120410,N2P21616,HD101711,3
120410,N2P21616,HD101712,4
120410,N2P21616,HD101713,5
120410,N2P21616,HD101714,6
120410,N2P21616,HD101716,7
120410,N2P21616,HD101717,8
120410,N2P21616,HD101718,9
120410,N2P21616,HD101719,10
120410,N2P21616,HD101720,11
120410,N2P21616,HD101885,12
120410,N2P21616,HD101886,13
120410,N2P21616,HD101894,14
120410,N2P21616,HD101895,15
120410,N2P21616,HD101896,16
120410,N2P21616,HD101897,17
120410,N2P21616,HD101898,18
120410,N2P21616,HD101899,19
120410,N2P21616,HD101900,20
120410,N2P21616,HD101903,21
120410,N2P21616,HD102562,22
120410,N2P21616,HD102563,23
120410,N2P21616,HD102564,24
120410,N2P21616,HD102566,25
120410,N2P21616,HD102567,26
120410,N2P21616,HD102568,27
120410,N2P21616,HD102569,28
120410,N2P21616,HD102570,29
120410,N2P21616,HD102571,30
120410,N2P21616,HD102572,31
120410,N2P21616,HD102573,32
120410,N2P21616,HD102574,33
120410,N2P21616,HD102575,34
120410,N2P21616,HD102576,35
120410,N2P21616,HD102577,36
120410,N2P21616,HD103154,37
120410,N2P21616,HD101267,38
120410,N2P21616,HD101272,39
120410,N2P21616,HD101280,40
120410,N2P21616,HD101291,41
120410,N2P21616,HD101309,42
120410,N2P21616,HD101323,43
120410,N2P21616,HD101360,44
120410,N2P21616,HD101821,45
120410,N2P21616,HD101887,46
120410,N2P21616,HD102024,47
120410,N2P21616,HD102193,48
120410,N2P21617,HD102211,1
120410,N2P21617,HD102213,2
120410,N2P21617,HD102215,3
120410,N2P21617,HD102217,4
120410,N2P21617,HD102219,5
120410,N2P21617,HD102221,6
120410,N2P21617,HD102223,7
120410,N2P21617,HD102309,8
120410,N2P21617,HD102338,9
120410,N2P21617,HD102433,10
120410,N2P21617,HD102494,11
120410,N2P21617,HD102504,12
120410,N2P21617,HD102506,13
120410,N2P21617,HD102507,14
120410,N2P21617,HD102508,15
120410,N2P21617,HD102509,16
120410,N2P21617,HD102513,17
120410,N2P21617,HD102517,18
120410,N2P21617,HD102518,19
120410,N2P21617,HD102519,20
120410,N2P21617,HD102521,21
120410,N2P21617,HD102526,22
120410,N2P21617,HD102591,23
120410,N2P21617,HD102656,24
120410,N2P21617,HD102658,25
120410,N2P21617,HD102660,26
120410,N2P21617,HD102662,27
120410,N2P21617,HD102666,28
120410,N2P21617,HD102672,29
120410,N2P21617,HD102674,30
120410,N2P21617,HD102676,31
120410,N2P21617,HD102678,32
120410,N2P21617,HD102682,33
120410,N2P21617,HD102684,34
120410,N2P21617,HD102855,35
120410,N2P21617,HD103040,36
120410,N2P21617,HD103108,37
120410,N2P21617,HD103163,38
120410,N2P21617,HD101206,39
120410,N2P21618,HD102559,1
120410,N2P21618,HD102560,2
120410,N2P21618,HD102561,3
120410,N2P21618,HD101843,4
120410,N2P21618,HD102557,5
120410,N2P21618,HD102558,6
120410,N2P21618,HD102645,7
120410,N2P21618,HD102646,8
120410,N2P21618,HD102648,9
120410,N2P21618,HD102650,10
120410,N2P21618,HD102652,11
120410,N2P21618,HD102654,12
120410,N2P21618,HD102673,13
120410,N2P21618,HD102907,14
120410,N2P21618,HD102909,15
120410,N2P21618,HD101243,16
120410,N2P21618,HD101252,17
120410,N2P21618,HD101258,18
120410,N2P21618,HD101261,19
120410,N2P21618,HD101262,20
120410,N2P21618,HD101264,21
120410,N2P21618,HD101266,22
120410,N2P21618,HD101271,23
120410,N2P21618,HD101284,24
120410,N2P21618,HD102197,25
120410,N2P21618,HD102199,26
120410,N2P21618,HD102201,27
120410,N2P21618,HD102205,28
120410,N2P21618,HD102207,29
120410,N2P21618,HD102209,30
120410,N2P21618,HD103123,31
120410,N2P21618,HD101838,32
120410,N2P21618,HD101840,33
120410,N2P21618,HD101844,34
120410,N2P21618,HD101846,35
120410,N2P21618,HD101848,36
120410,N2P21618,HD101850,37
120410,N2P21618,HD101852,38
120410,N2P21618,HD101854,39
120410,N2P21618,HD101856,40
120410,N2P21618,HD101858,41
120410,N2P21619,HD102670,1
120410,N2P21619,HD102680,2
120410,N2P21619,HD103034,3
120410,N2P21619,HD103055,4
120410,N2P21619,HD101564,5
120410,N2P21619,HD101978,6
120410,N2P21619,HD101863,7
120410,N2P21619,HD102977,8
120410,N2P21619,HD102994,9
120410,N2P21619,HD103063,10
120410,N2P21619,HD102203,11
120410,N2P21619,HD102664,12
120410,N2P21619,HD101883,13
120410,N2P21620,HD103038,1
120410,N2P21620,HD101205,2
120410,N2P21620,HD101218,3
120410,N2P21620,HD101224,4
120410,N2P21620,HD101226,5
120410,N2P21620,HD101227,6
120410,N2P21620,HD101229,7
120410,N2P21620,HD101277,8
120410,N2P21620,HD101350,9
120410,N2P21620,HD101438,10
120410,N2P21620,HD101445,11
120410,N2P21620,HD101448,12
120410,N2P21620,HD101766,13
120410,N2P21620,HD101905,14
120410,N2P21620,HD101953,15
120410,N2P21620,HD101966,16
120410,N2P21620,HD102532,17
120410,N2P21620,HD102905,18
120410,N2P21620,HD103002,19
120410,N2P21620,HD103006,20
120410,N2P21620,HD103133,21
120410,N2P21620,HD103172,22
120410,N2P21620,HD103179,23
120410,N2P21620,HD102500,24
120410,N2P21620,HD102675,25
120410,N2P21620,HD102857,26
120410,N2P21620,HD102859,27
120410,N2P21620,HD102861,28
120410,N2P21620,HD102863,29
120410,N2P21620,HD102865,30
120410,N2P21620,HD102867,31
120410,N2P21620,HD102869,32
120410,N2P21620,HD102871,33
120410,N2P21620,HD102873,34
120410,N2P21620,HD102875,35
120410,N2P21620,HD102899,36
120410,N2P21620,HD102901,37
120410,N2P21620,HD102903,38
120410,N2P21620,HD103152,39
120410,N2P21621,HD102545,1
120410,N2P21621,HD102606,2
120410,N2P21621,HD102640,3
120410,N2P21621,HD102644,4
120410,N2P21621,HD103170,5
120410,N2P21621,HD101357,6
120410,N2P21621,HD101364,7
120410,N2P21621,HD101371,8
120410,N2P21621,HD101377,9
120410,N2P21621,HD101405,10
120410,N2P21621,HD101413,11
120410,N2P21621,HD101415,12
120410,N2P21621,HD101416,13
120410,N2P21621,HD101418,14
120410,N2P21621,HD101419,15
120410,N2P21621,HD101420,16
120410,N2P21621,HD101421,17
120410,N2P21621,HD101422,18
120410,N2P21621,HD101441,19
120410,N2P21621,HD101526,20
120410,N2P21621,HD101575,21
120410,N2P21621,HD101703,22
120410,N2P21621,HD101868,23
120410,N2P21621,HD101869,24
120410,N2P21621,HD102225,25
120410,N2P21621,HD102227,26
120410,N2P21621,HD102229,27
120410,N2P21621,HD102231,28
120410,N2P21621,HD102233,29
120410,N2P21621,HD102235,30
120410,N2P21621,HD102238,31
120410,N2P21621,HD102240,32
120410,N2P21621,HD102242,33
120410,N2P21621,HD102246,34
120410,N2P21621,HD102248,35
120410,N2P21621,HD102250,36
120410,N2P21621,HD102535,37
120410,N2P21621,HD102536,38
120410,N2P21621,HD102537,39
120410,N2P21621,HD102538,40
120410,N2P21621,HD102540,41
120410,N2P21621,HD102712,42
120410,N2P21621,HD103124,43
120410,N2P21621,HD103128,44
120410,N2P21621,HD101871,45
120410,N2P21621,HD101873,46
120410,N2P21622,HD101368,1
120410,N2P21622,HD101384,2
120410,N2P21622,HD101385,3
120410,N2P21622,HD101909,4
120410,N2P21622,HD102026,5
120410,N2P21622,HD102632,6
120410,N2P21622,HD102749,7
120410,N2P21622,HD102773,8
120410,N2P21622,HD102775,9
120410,N2P21622,HD102777,10
120410,N2P21622,HD102779,11
120410,N2P21622,HD102781,12
120410,N2P21622,HD102783,13
120410,N2P21622,HD102785,14
120410,N2P21622,HD102787,15
120410,N2P21622,HD102789,16
120410,N2P21622,HD102791,17
120410,N2P21622,HD102793,18
120410,N2P21622,HD102795,19
120410,N2P21622,HD102797,20
120410,N2P21622,HD102799,21
120410,N2P21622,HD102801,22
120410,N2P21622,HD102803,23
120410,N2P21622,HD102805,24
120410,N2P21622,HD102807,25
120410,N2P21622,HD102809,26
120410,N2P21622,HD102811,27
120410,N2P21622,HD102813,28
120410,N2P21622,HD102817,29
120410,N2P21622,HD102839,30
120410,N2P21622,HD103145,31
120410,N2P21622,HD101442,32
120410,N2P21622,HD101447,33
120410,N2P21622,HD101449,34
120410,N2P21622,HD101611,35
120410,N2P21622,HD101927,36
120410,N2P21622,HD102415,37
120410,N2P21622,HD102416,38
120410,N2P21622,HD102959,39
120410,N2P21622,HD102963,40
120410,N2P21622,HD102964,41
120410,N2P21622,HD102968,42
120410,N2P21622,HD102970,43
120410,N2P21622,HD102971,44
120410,N2P21622,HD102972,45
120410,N2P21622,HD102996,46
120410,N2P21622,HD102499,47
120410,N2P21623,HD101826,1
120410,N2P21623,HD101827,2
120410,N2P21623,HD101832,3
120410,N2P21623,HD102541,4
120410,N2P21623,HD102543,5
120410,N2P21623,HD102544,6
120410,N2P21623,HD102546,7
120410,N2P21623,HD102549,8
120410,N2P21623,HD102551,9
120410,N2P21623,HD102552,10
120410,N2P21623,HD102553,11
120410,N2P21623,HD102554,12
120410,N2P21623,HD102555,13
120410,N2P21623,HD102556,14
120410,N2P21623,HD102668,15
120410,N2P21623,HD101454,16
120410,N2P21623,HD101644,17
120410,N2P21623,HD101867,18
120410,N2P21623,HD102877,19
120410,N2P21623,HD102879,20
120410,N2P21623,HD102881,21
120410,N2P21623,HD102883,22
120410,N2P21623,HD102885,23
120410,N2P21623,HD102889,24
120410,N2P21623,HD102893,25
120410,N2P21623,HD102895,26
120410,N2P21623,HD102897,27
120410,N2P21623,HD103020,28
120410,N2P21623,HD101822,29
120410,N2P21623,HD101824,30
120410,N2P21623,HD101830,31
120410,N2P21623,HD101834,32
120410,N2P21623,HD101836,33
120410,N2P21623,HD101865,34
120410,N2P21623,HD101875,35
120410,N2P21623,HD101877,36
120410,N2P21623,HD101879,37
120410,N2P21623,HD101881,38
120410,N2P21624,HD101680,1
120410,N2P21624,HD101675,2
120410,N2P21624,HD102493,3
120410,N2P21624,HD102495,4
120410,N2P21624,HD102496,5
120410,N2P21624,HD102497,6
120410,N2P21624,HD102498,7
120410,N2P21624,HD102501,8
120410,N2P21624,HD102502,9
120410,N2P21624,HD102522,10
120410,N2P21624,HD102523,11
120410,N2P21624,HD102527,12
120410,N2P21624,HD101901,13
120410,N2P21624,HD101450,14
120410,N2P21624,HD101597,15
120410,N2P21624,HD101598,16
120410,N2P21624,HD101600,17
120410,N2P21624,HD101601,18
120410,N2P21624,HD101602,19
120410,N2P21624,HD101603,20
120410,N2P21624,HD101604,21
120410,N2P21624,HD101605,22
120410,N2P21624,HD101606,23
120410,N2P21624,HD101608,24
120410,N2P21624,HD101609,25
120410,N2P21624,HD101681,26
120410,N2P21624,HD101683,27
120410,N2P21624,HD102626,28
120410,N2P21624,HD103097,29
120410,N2P21624,HD103098,30
120410,N2P21624,HD103099,31
120410,N2P21624,HD103100,32
120410,N2P21624,HD103101,33
120410,N2P21624,HD103110,34
120410,N2P21624,HD103158,35
120410,N2P21624,HD101685,36
120410,N2P21624,HD101687,37
120410,N2P21624,HD101828,38
120410,N2P21625,HD103162,1
120410,N2P21625,HD103165,2
120410,N2P21625,HD103169,3
120410,N2P21625,HD101251,4
120410,N2P21625,HD101270,5
120410,N2P21625,HD101348,6
120410,N2P21625,HD101389,7
120410,N2P21625,HD101475,8
120410,N2P21625,HD101535,9
120410,N2P21625,HD101567,10
120410,N2P21625,HD101599,11
120410,N2P21625,HD101630,12
120410,N2P21625,HD101656,13
120410,N2P21625,HD101689,14
120410,N2P21625,HD101690,15
120410,N2P21625,HD101691,16
120410,N2P21625,HD101692,17
120410,N2P21625,HD101693,18
120410,N2P21625,HD101694,19
120410,N2P21625,HD101695,20
120410,N2P21625,HD101696,21
120410,N2P21625,HD101697,22
120410,N2P21625,HD101698,23
120410,N2P21625,HD101700,24
120410,N2P21625,HD101701,25
120410,N2P21625,HD101702,26
120410,N2P21625,HD101786,27
120410,N2P21625,HD101864,28
120410,N2P21625,HD101911,29
120410,N2P21625,HD102027,30
120410,N2P21625,HD102028,31
120410,N2P21625,HD102129,32
120410,N2P21625,HD102130,33
120410,N2P21625,HD102131,34
120410,N2P21625,HD102132,35
120410,N2P21625,HD102133,36
120410,N2P21625,HD102134,37
120410,N2P21625,HD102135,38
120410,N2P21625,HD102141,39
120410,N2P21625,HD102143,40
120410,N2P21625,HD102145,41
120410,N2P21625,HD102146,42
120410,N2P21625,HD102148,43
120410,N2P21625,HD102149,44
120410,N2P21625,HD102152,45
120410,N2P21625,HD102542,46
120410,N2P21625,HD103064,47
120410,N2P21626,HD101202,1
120410,N2P21626,HD101210,2
120410,N2P21626,HD101212,3
120410,N2P21626,HD101231,4
120410,N2P21626,HD101314,5
120410,N2P21626,HD101349,6
120410,N2P21626,HD101355,7
120410,N2P21626,HD101356,8
120410,N2P21626,HD101358,9
120410,N2P21626,HD101359,10
120410,N2P21626,HD101392,11
120410,N2P21626,HD101394,12
120410,N2P21626,HD101396,13
120410,N2P21626,HD101433,14
120410,N2P21626,HD101471,15
120410,N2P21626,HD101493,16
120410,N2P21626,HD101496,17
120410,N2P21626,HD101765,18
120410,N2P21626,HD101768,19
120410,N2P21626,HD101807,20
120410,N2P21626,HD101862,21
120410,N2P21626,HD101989,22
120410,N2P21626,HD102020,23
120410,N2P21626,HD102022,24
120410,N2P21626,HD102029,25
120410,N2P21626,HD102031,26
120410,N2P21626,HD102033,27
120410,N2P21626,HD102045,28
120410,N2P21626,HD102046,29
120410,N2P21626,HD102048,30
120410,N2P21626,HD102252,31
120410,N2P21626,HD102254,32
120410,N2P21626,HD102255,33
120410,N2P21626,HD102256,34
120410,N2P21626,HD102257,35
120410,N2P21626,HD102258,36
120410,N2P21626,HD102275,37
120410,N2P21626,HD102279,38
120410,N2P21626,HD102294,39
120410,N2P21626,HD102723,40
120410,N2P21626,HD102743,41
120410,N2P21626,HD102988,42
120410,N2P21626,HD102989,43
120410,N2P21626,HD101497,44
120410,N2P21626,HD101769,45
120410,N2P21626,HD101931,46
120410,N2P21627,HD101308,1
120410,N2P21627,HD101370,2
120410,N2P21627,HD101398,3
120410,N2P21627,HD102292,4
120410,N2P21627,HD102725,5
120410,N2P21627,HD101211,6
120410,N2P21627,HD101373,7
120410,N2P21627,HD101397,8
120410,N2P21627,HD102139,9
120410,N2P21627,HD103060,10
120410,N2P21627,HD103066,11
120410,N2P21627,HD101399,12
120410,N2P21627,HD101494,13
120410,N2P21627,HD102128,14
120410,N2P21628,HD102259,1
120410,N2P21628,HD102260,2
120410,N2P21628,HD102261,3
120410,N2P21628,HD102263,4
120410,N2P21628,HD102265,5
120410,N2P21628,HD102267,6
120410,N2P21628,HD102269,7
120410,N2P21628,HD102271,8
120410,N2P21628,HD102273,9
120410,N2P21628,HD102491,10
120410,N2P21628,HD101192,11
120410,N2P21628,HD101199,12
120410,N2P21628,HD101246,13
120410,N2P21628,HD101365,14
120410,N2P21628,HD101382,15
120410,N2P21628,HD101414,16
120410,N2P21628,HD101452,17
120410,N2P21628,HD102637,18
120410,N2P21628,HD102665,19
120410,N2P21628,HD102763,20
120410,N2P21628,HD102765,21
120410,N2P21628,HD102769,22
120410,N2P21628,HD102954,23
120410,N2P21628,HD102955,24
120410,N2P21628,HD102957,25
120410,N2P21628,HD102958,26
120410,N2P21628,HD103054,27
120410,N2P21628,HD101194,28
120410,N2P21628,HD101282,29
120410,N2P21628,HD103005,30
120410,N2P21628,HD101393,31
120410,N2P21628,HD102642,32
120410,N2P21628,HD102643,33
120410,N2P21628,HD102663,34
120410,N2P21628,HD101439,35
120410,N2P21628,HD101440,36
120410,N2P21628,HD102661,37
120410,N2P21628,HD102669,38
120410,N2P21628,HD102753,39
120410,N2P21628,HD102755,40
120410,N2P21628,HD102757,41
120410,N2P21628,HD102759,42
120410,N2P21628,HD102761,43
120410,N2P21628,HD102923,44
120410,N2P21628,HD103001,45
120410,N2P21628,HD102174,46
120410,N2P21628,HD102212,47
120410,N2P21628,HD102239,48
120410,N2P21628,HD102965,49
120410,N2P21628,HD101929,50
120410,N2P21629,HD102296,1
120410,N2P21629,HD102374,2
120410,N2P21629,HD102631,3
120410,N2P21629,HD102721,4
120410,N2P21629,HD102737,5
120410,N2P21629,HD102739,6
120410,N2P21629,HD102741,7
120410,N2P21629,HD101378,8
120410,N2P21629,HD101380,9
120410,N2P21629,HD101752,10
120410,N2P21629,HD101753,11
120410,N2P21629,HD101754,12
120410,N2P21629,HD101755,13
120410,N2P21629,HD101756,14
120410,N2P21629,HD101757,15
120410,N2P21629,HD101758,16
120410,N2P21629,HD101759,17
120410,N2P21629,HD101760,18
120410,N2P21629,HD101761,19
120410,N2P21629,HD101762,20
120410,N2P21629,HD101773,21
120410,N2P21629,HD101774,22
120410,N2P21629,HD101775,23
120410,N2P21629,HD101776,24
120410,N2P21629,HD101777,25
120410,N2P21629,HD101778,26
120410,N2P21629,HD101779,27
120410,N2P21629,HD101860,28
120410,N2P21629,HD101889,29
120410,N2P21629,HD102063,30
120410,N2P21629,HD102216,31
120410,N2P21629,HD102244,32
120410,N2P21629,HD102280,33
120410,N2P21629,HD102434,34
120410,N2P21629,HD102454,35
120410,N2P21629,HD102484,36
120410,N2P21629,HD102607,37
120410,N2P21629,HD102647,38
120410,N2P21629,HD102649,39
120410,N2P21629,HD102651,40
120410,N2P21629,HD102653,41
120410,N2P21629,HD102655,42
120410,N2P21629,HD102657,43
120410,N2P21629,HD102659,44
120410,N2P21629,HD102667,45
120410,N2P21629,HD102671,46
120410,N2P21629,HD103119,47
120410,N2P21629,HD103126,48
120410,N2P21629,HD102377,49
120410,N2P21630,HD101363,1
120410,N2P21630,HD101369,2
120410,N2P21630,HD101374,3
120410,N2P21630,HD101391,4
120410,N2P21630,HD101401,5
120410,N2P21630,HD101404,6
120410,N2P21630,HD101406,7
120410,N2P21630,HD101790,8
120410,N2P21630,HD101791,9
120410,N2P21630,HD101792,10
120410,N2P21630,HD101793,11
120410,N2P21630,HD101794,12
120410,N2P21630,HD101795,13
120410,N2P21630,HD101796,14
120410,N2P21630,HD101797,15
120410,N2P21630,HD101798,16
120410,N2P21630,HD101799,17
120410,N2P21630,HD101800,18
120410,N2P21630,HD101801,19
120410,N2P21630,HD101802,20
120410,N2P21630,HD101803,21
120410,N2P21630,HD101804,22
120410,N2P21630,HD101805,23
120410,N2P21630,HD101806,24
120410,N2P21630,HD101808,25
120410,N2P21630,HD101809,26
120410,N2P21630,HD101810,27
120410,N2P21630,HD101811,28
120410,N2P21630,HD101812,29
120410,N2P21630,HD101813,30
120410,N2P21630,HD101814,31
120410,N2P21630,HD101815,32
120410,N2P21630,HD101816,33
120410,N2P21630,HD101817,34
120410,N2P21630,HD101818,35
120410,N2P21630,HD101819,36
120410,N2P21630,HD101820,37
120410,N2P21630,HD101972,38
120410,N2P21630,HD102137,39
120410,N2P21630,HD102224,40
120410,N2P21630,HD102301,41
120410,N2P21630,HD103187,42
120410,N2P21630,HD101221,43
120410,N2P21630,HD101248,44
120410,N2P21630,HD101274,45
120410,N2P21630,HD102136,46
120410,N2P21630,HD101456,47
120410,N2P21631,HD102429,1
120410,N2P21631,HD102437,2
120410,N2P21631,HD102438,3
120410,N2P21631,HD102439,4
120410,N2P21631,HD102806,5
120410,N2P21631,HD102808,6
120410,N2P21631,HD102930,7
120410,N2P21631,HD102931,8
120410,N2P21631,HD102932,9
120410,N2P21631,HD102934,10
120410,N2P21631,HD102935,11
120410,N2P21631,HD102936,12
120410,N2P21631,HD102937,13
120410,N2P21631,HD102938,14
120410,N2P21631,HD102939,15
120410,N2P21631,HD102940,16
120410,N2P21631,HD102941,17
120410,N2P21631,HD102942,18
120410,N2P21631,HD102943,19
120410,N2P21631,HD102944,20
120410,N2P21631,HD102946,21
120410,N2P21631,HD102947,22
120410,N2P21631,HD101933,23
120410,N2P21631,HD102441,24
120410,N2P21631,HD102442,25
120410,N2P21631,HD102443,26
120410,N2P21631,HD102444,27
120410,N2P21631,HD102445,28
120410,N2P21631,HD102446,29
120410,N2P21631,HD102447,30
120410,N2P21631,HD102448,31
120410,N2P21631,HD102449,32
120410,N2P21631,HD102450,33
120410,N2P21631,HD102451,34
120410,N2P21631,HD102452,35
120410,N2P21631,HD102455,36
120410,N2P21631,HD102456,37
120410,N2P21631,HD102457,38
120410,N2P21631,HD102458,39
120410,N2P21631,HD102459,40
120410,N2P21631,HD102460,41
120410,N2P21631,HD102461,42
120410,N2P21631,HD102462,43
120410,N2P21631,HD102463,44
120410,N2P21631,HD102503,45
120410,N2P21631,HD102600,46
120410,N2P21631,HD102945,47
120410,N2P21631,HD103051,48
120410,N2P21631,HD103089,49
120410,N2P21631,HD103090,50
120410,N2P21631,HD103091,51
120410,N2P21631,HD103092,52
120410,N2P21631,HD103093,53
120410,N2P21632,HD102140,1
120410,N2P21632,HD102142,2
120410,N2P21632,HD102147,3
120410,N2P21632,HD101351,4
120410,N2P21632,HD102848,5
120410,N2P21632,HD101467,6
120410,N2P21632,HD101469,7
120410,N2P21632,HD101481,8
120410,N2P21632,HD101715,9
120410,N2P21632,HD101745,10
120410,N2P21632,HD101780,11
120410,N2P21632,HD101781,12
120410,N2P21632,HD101782,13
120410,N2P21632,HD101783,14
120410,N2P21632,HD101784,15
120410,N2P21632,HD101785,16
120410,N2P21632,HD101787,17
120410,N2P21632,HD101788,18
120410,N2P21632,HD101789,19
120410,N2P21632,HD102123,20
120410,N2P21632,HD102125,21
120410,N2P21632,HD102127,22
120410,N2P21632,HD102144,23
120410,N2P21632,HD102436,24
120410,N2P21632,HD102539,25
120410,N2P21632,HD102621,26
120410,N2P21632,HD103053,27
120410,N2P21632,HD103056,28
120410,N2P21632,HD103058,29
120410,N2P21632,HD103062,30
120410,N2P21632,HD103102,31
120410,N2P21632,HD103103,32
120410,N2P21632,HD103111,33
120410,N2P21632,HD103147,34
120410,N2P21632,HD103148,35
120410,N2P21632,HD103150,36
120410,N2P21632,HD103151,37
120410,N2P21632,HD102101,38
120410,N2P21632,HD102103,39
120410,N2P21632,HD102105,40
120410,N2P21632,HD102107,41
120410,N2P21632,HD102111,42
120410,N2P21632,HD102113,43
120410,N2P21632,HD102117,44
120410,N2P21632,HD102121,45
120410,N2P21632,HD102122,46
120410,N2P21632,HD102124,47
120410,N2P21632,HD102126,48
120410,N2P21632,HD101513,49
120410,N2P21633,HD101514,1
120410,N2P21633,HD101515,2
120410,N2P21633,HD101516,3
120410,N2P21633,HD101517,4
120410,N2P21633,HD101518,5
120410,N2P21633,HD101519,6
120410,N2P21633,HD101520,7
120410,N2P21633,HD101521,8
120410,N2P21633,HD101522,9
120410,N2P21633,HD101523,10
120410,N2P21633,HD101524,11
120410,N2P21633,HD101525,12
120410,N2P21633,HD101527,13
120410,N2P21633,HD101528,14
120410,N2P21633,HD101529,15
120410,N2P21633,HD101530,16
120410,N2P21633,HD101531,17
120410,N2P21633,HD101532,18
120410,N2P21633,HD101533,19
120410,N2P21633,HD101534,20
120410,N2P21633,HD101536,21
120410,N2P21633,HD101537,22
120410,N2P21633,HD101919,23
120410,N2P21633,HD101959,24
120410,N2P21633,HD101960,25
120410,N2P21633,HD101961,26
120410,N2P21633,HD101962,27
120410,N2P21633,HD101963,28
120410,N2P21633,HD101964,29
120410,N2P21633,HD101976,30
120410,N2P21633,HD102095,31
120410,N2P21633,HD102097,32
120410,N2P21633,HD102099,33
120410,N2P21633,HD102177,34
120410,N2P21633,HD102393,35
120410,N2P21633,HD102394,36
120410,N2P21633,HD102398,37
120410,N2P21633,HD102404,38
120410,N2P21633,HD103059,39
120410,N2P21633,HD103168,40
120410,N2P21634,HD102299,1
120410,N2P21634,HD102303,2
120410,N2P21634,HD102305,3
120410,N2P21634,HD102307,4
120410,N2P21634,HD102311,5
120410,N2P21634,HD102315,6
120410,N2P21634,HD102317,7
120410,N2P21634,HD102346,8
120410,N2P21634,HD102347,9
120410,N2P21634,HD102348,10
120410,N2P21634,HD102349,11
120410,N2P21634,HD102352,12
120410,N2P21634,HD102353,13
120410,N2P21634,HD102595,14
120410,N2P21634,HD102614,15
120410,N2P21634,HD102615,16
120410,N2P21634,HD101241,17
120410,N2P21634,HD101708,18
120410,N2P21634,HD101709,19
120410,N2P21634,HD101710,20
120410,N2P21634,HD102181,21
120410,N2P21634,HD102182,22
120410,N2P21634,HD102195,23
120410,N2P21634,HD102342,24
120410,N2P21634,HD102343,25
120410,N2P21634,HD102406,26
120410,N2P21634,HD102407,27
120410,N2P21634,HD102408,28
120410,N2P21634,HD102409,29
120410,N2P21634,HD102612,30
120410,N2P21634,HD103061,31
120410,N2P21634,HD103065,32
120410,N2P21634,HD103067,33
120410,N2P21634,HD103068,34
120410,N2P21634,HD103077,35
120410,N2P21634,HD103104,36
120410,N2P21634,HD103153,37
120410,N2P21635,HD102025,1
120410,N2P21635,HD102030,2
120410,N2P21635,HD101486,3
120410,N2P21635,HD102395,4
120410,N2P21635,HD102396,5
120410,N2P21635,HD102397,6
120410,N2P21635,HD102405,7
120410,N2P21635,HD102249,8
120410,N2P21635,HD102112,9
120410,N2P21635,HD102241,10
120410,N2P21635,HD102270,11
120410,N2P21635,HD102354,12
120410,N2P21635,HD102359,13
120410,N2P21635,HD102368,14
120410,N2P21635,HD102388,15
120410,N2P21635,HD102969,16
120410,N2P21636,HD102086,1
120410,N2P21636,HD102525,2
120410,N2P21636,HD101538,3
120410,N2P21636,HD101539,4
120410,N2P21636,HD101540,5
120410,N2P21636,HD101541,6
120410,N2P21636,HD101542,7
120410,N2P21636,HD101543,8
120410,N2P21636,HD102040,9
120410,N2P21636,HD102392,10
120410,N2P21636,HD102482,11
120410,N2P21636,HD102528,12
120410,N2P21636,HD102530,13
120410,N2P21636,HD102531,14
120410,N2P21636,HD102533,15
120410,N2P21636,HD102534,16
120410,N2P21636,HD103167,17
120410,N2P21636,HD102084,18
120410,N2P21636,HD102085,19
120410,N2P21636,HD101250,20
120410,N2P21636,HD101255,21
120410,N2P21636,HD101256,22
120410,N2P21636,HD101257,23
120410,N2P21636,HD101259,24
120410,N2P21636,HD101505,25
120410,N2P21636,HD101506,26
120410,N2P21636,HD101507,27
120410,N2P21636,HD101508,28
120410,N2P21636,HD101509,29
120410,N2P21636,HD101510,30
120410,N2P21636,HD101511,31
120410,N2P21636,HD101512,32
120410,N2P21636,HD102043,33
120410,N2P21636,HD102175,34
120410,N2P21636,HD102179,35
120410,N2P21636,HD102597,36
120410,N2P21636,HD102927,37
120410,N2P21636,HD102933,38
120410,N2P21636,HD103129,39
120410,N2P21636,HD103130,40
120410,N2P21636,HD103131,41
